{"name":"untitled","x":0,"y":0,"width":1280,"height":720,"elements":[{"id":15,"type":9,"name":"MenuContainer","event":"","x":10,"y":61,"width":332,"height":402,"rotation":0,"text":"My Shape","asset":"","color":-1258291200,"anchor":0,"parent":null,"children":[2,3,6,8,11,12,13,14],"visible":true},{"id":2,"type":6,"name":"SSR","event":"","x":24,"y":179,"width":150,"height":44,"rotation":0,"text":"SSR","asset":"","color":-1,"anchor":0,"parent":15,"children":[],"visible":true},{"id":3,"type":6,"name":"SSAO","event":"","x":24,"y":229,"width":150,"height":44,"rotation":0,"text":"SSAO","asset":"","color":-1,"anchor":0,"parent":15,"children":[],"visible":true},{"id":6,"type":6,"name":"Bloom","event":"","x":24,"y":129,"width":150,"height":44,"rotation":0,"text":"Bloom","asset":"","color":-1,"anchor":0,"parent":15,"children":[],"visible":true},{"id":8,"type":8,"name":"Shadows","event":"","x":24,"y":79,"width":150,"height":44,"rotation":0,"text":"High;Medium;Low","asset":"","color":-1,"anchor":0,"parent":15,"children":[],"visible":true},{"id":11,"type":0,"name":"Title","event":"","x":4,"y":9,"width":377,"height":44,"rotation":0,"text":"Graphics Settings","asset":"","color":-1,"anchor":0,"parent":15,"children":[],"visible":true},{"id":12,"type":0,"name":"ShadowsTitle","event":"","x":164,"y":79,"width":184,"height":28,"rotation":0,"text":"Shadows","asset":"","color":-6381922,"anchor":0,"parent":15,"children":[],"visible":true},{"id":13,"type":2,"name":"Apply","event":"apply_settings","x":24,"y":329,"width":150,"height":44,"rotation":0,"text":"Apply","asset":"","color":-1,"anchor":0,"parent":15,"children":[],"visible":true},{"id":14,"type":6,"name":"Voxels","event":"","x":24,"y":279,"width":150,"height":44,"rotation":0,"text":"Voxels","asset":"","color":-1,"anchor":0,"parent":15,"children":[],"visible":true},{"id":16,"type":2,"name":"Menu","event":"toggle_menu","x":5,"y":5,"width":150,"height":44,"rotation":0,"text":"Menu","asset":"","color":-1,"anchor":0,"parent":null,"children":[],"visible":true}],"assets":[]}